experiment,graph_family,number_of_vertices,number_of_edges,density,random_seed,source_vertex,correct,implementation,trial,cpu_seconds,wall_seconds,timing_repetitions,minimum_scan_checks,matrix_neighbour_checks,edge_scans,heap_pushes,heap_pops,stale_heap_pops,successful_relaxations
vertex_scaling,low,100,2475,0.25,20261101,0,True,matrix_array,1,0.0003746640625,0.0003976744843612323,128,10000,10000,,,,,275
vertex_scaling,low,100,2475,0.25,20261101,0,True,adjacency_list_heap,1,9.889257812499997e-05,9.893595311893932e-05,512,,,2475,276,276,176,275
vertex_scaling,low,100,2475,0.25,20261101,0,True,matrix_array,2,0.0003241640625,0.00032427343745666803,128,10000,10000,,,,,275
vertex_scaling,low,100,2475,0.25,20261101,0,True,adjacency_list_heap,2,0.00010049804687500006,0.00010074772070822746,512,,,2475,276,276,176,275
vertex_scaling,low,100,2475,0.25,20261101,0,True,matrix_array,3,0.00032332031250000026,0.0003235113906043807,128,10000,10000,,,,,275
vertex_scaling,low,100,2475,0.25,20261101,0,True,adjacency_list_heap,3,9.944921875000004e-05,9.948291015859922e-05,512,,,2475,276,276,176,275
vertex_scaling,low,200,9950,0.25,20261201,0,True,matrix_array,1,0.0012610468749999996,0.001261609375092121,64,40000,40000,,,,,680
vertex_scaling,low,200,9950,0.25,20261201,0,True,adjacency_list_heap,1,0.00030976171875000003,0.00030990478515491304,256,,,9950,681,681,481,680
vertex_scaling,low,200,9950,0.25,20261201,0,True,matrix_array,2,0.001268203124999999,0.0012696614530796069,64,40000,40000,,,,,680
vertex_scaling,low,200,9950,0.25,20261201,0,True,adjacency_list_heap,2,0.00030918749999999957,0.00030934749219113655,256,,,9950,681,681,481,680
vertex_scaling,low,200,9950,0.25,20261201,0,True,matrix_array,3,0.0012706249999999992,0.0012720501406420226,64,40000,40000,,,,,680
vertex_scaling,low,200,9950,0.25,20261201,0,True,adjacency_list_heap,3,0.0003091562500000004,0.00030928450391343176,256,,,9950,681,681,481,680
vertex_scaling,low,400,39900,0.25,20261401,0,True,matrix_array,1,0.005393624999999999,0.0053992421876500885,16,160000,160000,,,,,1468
vertex_scaling,low,400,39900,0.25,20261401,0,True,adjacency_list_heap,1,0.001210703124999997,0.0012113242188434015,64,,,39900,1469,1469,1069,1468
vertex_scaling,low,400,39900,0.25,20261401,0,True,matrix_array,2,0.005403624999999995,0.005407640624980559,16,160000,160000,,,,,1468
vertex_scaling,low,400,39900,0.25,20261401,0,True,adjacency_list_heap,2,0.0012184531250000047,0.001219169265596065,64,,,39900,1469,1469,1069,1468
vertex_scaling,low,400,39900,0.25,20261401,0,True,matrix_array,3,0.005366437500000001,0.0053700000003118475,16,160000,160000,,,,,1468
vertex_scaling,low,400,39900,0.25,20261401,0,True,adjacency_list_heap,3,0.001225781250000002,0.0012268411405784718,64,,,39900,1469,1469,1069,1468
vertex_scaling,low,800,159800,0.25,20261801,0,True,matrix_array,1,0.022318999999999978,0.02232793750044948,4,640000,640000,,,,,3383
vertex_scaling,low,800,159800,0.25,20261801,0,True,adjacency_list_heap,1,0.004934250000000001,0.004937700562095415,16,,,159800,3384,3384,2584,3383
vertex_scaling,low,800,159800,0.25,20261801,0,True,matrix_array,2,0.024396749999999967,0.024532333251045202,4,640000,640000,,,,,3383
vertex_scaling,low,800,159800,0.25,20261801,0,True,adjacency_list_heap,2,0.004773312500000015,0.004776070312800584,16,,,159800,3384,3384,2584,3383
vertex_scaling,low,800,159800,0.25,20261801,0,True,matrix_array,3,0.022410749999999924,0.02242779150037677,4,640000,640000,,,,,3383
vertex_scaling,low,800,159800,0.25,20261801,0,True,adjacency_list_heap,3,0.005041437499999996,0.0050482083124734345,16,,,159800,3384,3384,2584,3383
vertex_scaling,low,1600,639600,0.25,20262601,0,True,matrix_array,1,0.08906499999999973,0.08911237499705749,1,2560000,2560000,,,,,7274
vertex_scaling,low,1600,639600,0.25,20262601,0,True,adjacency_list_heap,1,0.043646500000000366,0.04367077099959715,2,,,639600,7275,7275,5675,7274
vertex_scaling,low,1600,639600,0.25,20262601,0,True,matrix_array,2,0.08908899999999953,0.08913137499621371,1,2560000,2560000,,,,,7274
vertex_scaling,low,1600,639600,0.25,20262601,0,True,adjacency_list_heap,2,0.043552000000000035,0.04358306250287569,2,,,639600,7275,7275,5675,7274
vertex_scaling,low,1600,639600,0.25,20262601,0,True,matrix_array,3,0.08895099999999978,0.08900441600417253,1,2560000,2560000,,,,,7274
vertex_scaling,low,1600,639600,0.25,20262601,0,True,adjacency_list_heap,3,0.04338149999999974,0.04340549999687937,2,,,639600,7275,7275,5675,7274
vertex_scaling,low,3200,2559200,0.25,20264201,0,True,matrix_array,1,0.3640509999999999,0.36656858299829764,1,10240000,10240000,,,,,14816
vertex_scaling,low,3200,2559200,0.25,20264201,0,True,adjacency_list_heap,1,0.18625000000000114,0.1863496249934542,1,,,2559200,14817,14817,11617,14816
vertex_scaling,low,3200,2559200,0.25,20264201,0,True,matrix_array,2,0.3552409999999995,0.35539274999609916,1,10240000,10240000,,,,,14816
vertex_scaling,low,3200,2559200,0.25,20264201,0,True,adjacency_list_heap,2,0.18624500000000133,0.18633983300242107,1,,,2559200,14817,14817,11617,14816
vertex_scaling,low,3200,2559200,0.25,20264201,0,True,matrix_array,3,0.36594199999999866,0.3676307919959072,1,10240000,10240000,,,,,14816
vertex_scaling,low,3200,2559200,0.25,20264201,0,True,adjacency_list_heap,3,0.18682899999999947,0.18692495800496545,1,,,2559200,14817,14817,11617,14816
vertex_scaling,medium,100,4950,0.5,20261102,0,True,matrix_array,1,0.0003929531249999979,0.00039339420311534923,128,10000,10000,,,,,323
vertex_scaling,medium,100,4950,0.5,20261102,0,True,adjacency_list_heap,1,0.0001439179687500007,0.00014400317382978756,512,,,4950,324,324,224,323
vertex_scaling,medium,100,4950,0.5,20261102,0,True,matrix_array,2,0.0003903671875000042,0.0003906748046915709,128,10000,10000,,,,,323
vertex_scaling,medium,100,4950,0.5,20261102,0,True,adjacency_list_heap,2,0.00014455468750000297,0.0001446209296886991,512,,,4950,324,324,224,323
vertex_scaling,medium,100,4950,0.5,20261102,0,True,matrix_array,3,0.0003920078125000115,0.00039225032810463745,128,10000,10000,,,,,323
vertex_scaling,medium,100,4950,0.5,20261102,0,True,adjacency_list_heap,3,0.000144476562499999,0.00014454655078566248,512,,,4950,324,324,224,323
vertex_scaling,medium,200,19900,0.5,20261202,0,True,matrix_array,1,0.0015413593749999954,0.0015419765625210857,64,40000,40000,,,,,733
vertex_scaling,medium,200,19900,0.5,20261202,0,True,adjacency_list_heap,1,0.00046567187500000384,0.00046593424997354305,128,,,19900,734,734,534,733
vertex_scaling,medium,200,19900,0.5,20261202,0,True,matrix_array,2,0.0015470468749999855,0.001547760406197085,64,40000,40000,,,,,733
vertex_scaling,medium,200,19900,0.5,20261202,0,True,adjacency_list_heap,2,0.00047014843749999813,0.0004704270781417108,128,,,19900,734,734,534,733
vertex_scaling,medium,200,19900,0.5,20261202,0,True,matrix_array,3,0.001554703125000001,0.0015554238281083599,64,40000,40000,,,,,733
vertex_scaling,medium,200,19900,0.5,20261202,0,True,adjacency_list_heap,3,0.0004675703124999986,0.00046782031250813816,128,,,19900,734,734,534,733
vertex_scaling,medium,400,79800,0.5,20261402,0,True,matrix_array,1,0.006577374999999996,0.006580442750419024,8,160000,160000,,,,,1655
vertex_scaling,medium,400,79800,0.5,20261402,0,True,adjacency_list_heap,1,0.002071531250000036,0.0020722512813335925,32,,,79800,1656,1656,1256,1655
vertex_scaling,medium,400,79800,0.5,20261402,0,True,matrix_array,2,0.006547624999999835,0.006549703125529049,8,160000,160000,,,,,1655
vertex_scaling,medium,400,79800,0.5,20261402,0,True,adjacency_list_heap,2,0.0021202187500000136,0.0021216367188117147,32,,,79800,1656,1656,1256,1655
vertex_scaling,medium,400,79800,0.5,20261402,0,True,matrix_array,3,0.006528749999999972,0.006532208375574555,8,160000,160000,,,,,1655
vertex_scaling,medium,400,79800,0.5,20261402,0,True,adjacency_list_heap,3,0.002086718749999994,0.0020879570313354634,32,,,79800,1656,1656,1256,1655
vertex_scaling,medium,800,319600,0.5,20261802,0,True,matrix_array,1,0.026420500000000402,0.02643204199921456,2,640000,640000,,,,,3554
vertex_scaling,medium,800,319600,0.5,20261802,0,True,adjacency_list_heap,1,0.01633149999999972,0.016341458251190488,4,,,319600,3555,3555,2755,3554
vertex_scaling,medium,800,319600,0.5,20261802,0,True,matrix_array,2,0.026339000000000112,0.02635152099901461,2,640000,640000,,,,,3554
vertex_scaling,medium,800,319600,0.5,20261802,0,True,adjacency_list_heap,2,0.016262250000000034,0.016275583499009372,4,,,319600,3555,3555,2755,3554
vertex_scaling,medium,800,319600,0.5,20261802,0,True,matrix_array,3,0.026523000000000074,0.026533666499744868,2,640000,640000,,,,,3554
vertex_scaling,medium,800,319600,0.5,20261802,0,True,adjacency_list_heap,3,0.01626599999999989,0.016279906250929344,4,,,319600,3555,3555,2755,3554
vertex_scaling,medium,1600,1279200,0.5,20262602,0,True,matrix_array,1,0.10560999999999865,0.10570608299894957,1,2560000,2560000,,,,,7474
vertex_scaling,medium,1600,1279200,0.5,20262602,0,True,adjacency_list_heap,1,0.08922500000000078,0.08927887499885401,1,,,1279200,7475,7475,5875,7474
vertex_scaling,medium,1600,1279200,0.5,20262602,0,True,matrix_array,2,0.10572400000000037,0.10578383300162386,1,2560000,2560000,,,,,7474
vertex_scaling,medium,1600,1279200,0.5,20262602,0,True,adjacency_list_heap,2,0.08945500000000095,0.08951216700370423,1,,,1279200,7475,7475,5875,7474
vertex_scaling,medium,1600,1279200,0.5,20262602,0,True,matrix_array,3,0.10564699999999938,0.10571358299785061,1,2560000,2560000,,,,,7474
vertex_scaling,medium,1600,1279200,0.5,20262602,0,True,adjacency_list_heap,3,0.08909900000000093,0.08914512499904959,1,,,1279200,7475,7475,5875,7474
vertex_scaling,medium,3200,5118400,0.5,20264202,0,True,matrix_array,1,0.41741700000000037,0.41761337500065565,1,10240000,10240000,,,,,15111
vertex_scaling,medium,3200,5118400,0.5,20264202,0,True,adjacency_list_heap,1,0.37012100000000103,0.37031587499950547,1,,,5118400,15112,15112,11912,15111
vertex_scaling,medium,3200,5118400,0.5,20264202,0,True,matrix_array,2,0.41810999999999865,0.41829804200096987,1,10240000,10240000,,,,,15111
vertex_scaling,medium,3200,5118400,0.5,20264202,0,True,adjacency_list_heap,2,0.36952499999999944,0.3697228750024806,1,,,5118400,15112,15112,11912,15111
vertex_scaling,medium,3200,5118400,0.5,20264202,0,True,matrix_array,3,0.417586,0.4177731669988134,1,10240000,10240000,,,,,15111
vertex_scaling,medium,3200,5118400,0.5,20264202,0,True,adjacency_list_heap,3,0.36952999999999747,0.36973670800216496,1,,,5118400,15112,15112,11912,15111
vertex_scaling,dense,100,7425,0.75,20261103,0,True,matrix_array,1,0.0004035390625000135,0.0004037050781562357,128,10000,10000,,,,,353
vertex_scaling,dense,100,7425,0.75,20261103,0,True,adjacency_list_heap,1,0.00018574609375000134,0.0001858363437463595,512,,,7425,354,354,254,353
vertex_scaling,dense,100,7425,0.75,20261103,0,True,matrix_array,2,0.0004028437499999926,0.0004031409531535246,128,10000,10000,,,,,353
vertex_scaling,dense,100,7425,0.75,20261103,0,True,adjacency_list_heap,2,0.00018560937499999958,0.0001856800937503067,512,,,7425,354,354,254,353
vertex_scaling,dense,100,7425,0.75,20261103,0,True,matrix_array,3,0.0004013593749999933,0.0004016243437945377,128,10000,10000,,,,,353
vertex_scaling,dense,100,7425,0.75,20261103,0,True,adjacency_list_heap,3,0.00018579687499999803,0.00018590738868340395,512,,,7425,354,354,254,353
vertex_scaling,dense,200,29850,0.75,20261203,0,True,matrix_array,1,0.0015711562500000387,0.0015720742187568248,32,40000,40000,,,,,854
vertex_scaling,dense,200,29850,0.75,20261203,0,True,adjacency_list_heap,1,0.0006393359374999852,0.0006397304687766336,128,,,29850,855,855,655,854
vertex_scaling,dense,200,29850,0.75,20261203,0,True,matrix_array,2,0.0015643437500000301,0.001565144531241458,32,40000,40000,,,,,854
vertex_scaling,dense,200,29850,0.75,20261203,0,True,adjacency_list_heap,2,0.0006382656249999952,0.0006385852890957722,128,,,29850,855,855,655,854
vertex_scaling,dense,200,29850,0.75,20261203,0,True,matrix_array,3,0.0015671562500000347,0.0015679453124448628,32,40000,40000,,,,,854
vertex_scaling,dense,200,29850,0.75,20261203,0,True,adjacency_list_heap,3,0.0006401484374999877,0.0006404830702990694,128,,,29850,855,855,655,854
vertex_scaling,dense,400,119700,0.75,20261403,0,True,matrix_array,1,0.006558124999999748,0.006561338625033386,8,160000,160000,,,,,1684
vertex_scaling,dense,400,119700,0.75,20261403,0,True,adjacency_list_heap,1,0.0029596250000000213,0.002961579437396722,32,,,119700,1685,1685,1285,1684
vertex_scaling,dense,400,119700,0.75,20261403,0,True,matrix_array,2,0.006548499999999624,0.006552317749992653,8,160000,160000,,,,,1684
vertex_scaling,dense,400,119700,0.75,20261403,0,True,adjacency_list_heap,2,0.0029015937499999866,0.0029031862188730884,32,,,119700,1685,1685,1285,1684
vertex_scaling,dense,400,119700,0.75,20261403,0,True,matrix_array,3,0.00657299999999994,0.006576937500540225,8,160000,160000,,,,,1684
vertex_scaling,dense,400,119700,0.75,20261403,0,True,adjacency_list_heap,3,0.0028785625000000703,0.0028800299687645747,32,,,119700,1685,1685,1285,1684
vertex_scaling,dense,800,479400,0.75,20261803,0,True,matrix_array,1,0.02685050000000011,0.02685766650029109,2,640000,640000,,,,,3596
vertex_scaling,dense,800,479400,0.75,20261803,0,True,adjacency_list_heap,1,0.028913499999999814,0.028928625000844477,2,,,479400,3597,3597,2797,3596
vertex_scaling,dense,800,479400,0.75,20261803,0,True,matrix_array,2,0.026765499999999776,0.026781208500324283,2,640000,640000,,,,,3596
vertex_scaling,dense,800,479400,0.75,20261803,0,True,adjacency_list_heap,2,0.028556999999999277,0.028567874996952014,2,,,479400,3597,3597,2797,3596
vertex_scaling,dense,800,479400,0.75,20261803,0,True,matrix_array,3,0.02685549999999992,0.026873124999838183,2,640000,640000,,,,,3596
vertex_scaling,dense,800,479400,0.75,20261803,0,True,adjacency_list_heap,3,0.02886899999999848,0.028882666498248,2,,,479400,3597,3597,2797,3596
vertex_scaling,dense,1600,1918800,0.75,20262603,0,True,matrix_array,1,0.1059669999999997,0.10602412500156788,1,2560000,2560000,,,,,7519
vertex_scaling,dense,1600,1918800,0.75,20262603,0,True,adjacency_list_heap,1,0.1340810000000019,0.13417187499726424,1,,,1918800,7520,7520,5920,7519
vertex_scaling,dense,1600,1918800,0.75,20262603,0,True,matrix_array,2,0.10598599999999792,0.10603683299996192,1,2560000,2560000,,,,,7519
vertex_scaling,dense,1600,1918800,0.75,20262603,0,True,adjacency_list_heap,2,0.13369300000000095,0.13378820800426183,1,,,1918800,7520,7520,5920,7519
vertex_scaling,dense,1600,1918800,0.75,20262603,0,True,matrix_array,3,0.10560599999999809,0.10565666699403664,1,2560000,2560000,,,,,7519
vertex_scaling,dense,1600,1918800,0.75,20262603,0,True,adjacency_list_heap,3,0.13387999999999778,0.1339759580005193,1,,,1918800,7520,7520,5920,7519
vertex_scaling,dense,3200,7677600,0.75,20264203,0,True,matrix_array,1,0.40210299999999677,0.4022988750002696,1,10240000,10240000,,,,,15540
vertex_scaling,dense,3200,7677600,0.75,20264203,0,True,adjacency_list_heap,1,0.5563089999999988,0.5566760829970008,1,,,7677600,15541,15541,12341,15540
vertex_scaling,dense,3200,7677600,0.75,20264203,0,True,matrix_array,2,0.4020890000000037,0.4022949999998673,1,10240000,10240000,,,,,15540
vertex_scaling,dense,3200,7677600,0.75,20264203,0,True,adjacency_list_heap,2,0.5556819999999973,0.5560249999980442,1,,,7677600,15541,15541,12341,15540
vertex_scaling,dense,3200,7677600,0.75,20264203,0,True,matrix_array,3,0.4017479999999978,0.4019559589942219,1,10240000,10240000,,,,,15540
vertex_scaling,dense,3200,7677600,0.75,20264203,0,True,adjacency_list_heap,3,0.5558409999999938,0.556167666996771,1,,,7677600,15541,15541,12341,15540
vertex_scaling,complete,100,9900,1.0,20261104,0,True,matrix_array,1,0.0003916328124999868,0.00039192089843709255,128,10000,10000,,,,,370
vertex_scaling,complete,100,9900,1.0,20261104,0,True,adjacency_list_heap,1,0.0002216328125000111,0.00022169205860222974,256,,,9900,371,371,271,370
vertex_scaling,complete,100,9900,1.0,20261104,0,True,matrix_array,2,0.00039140625000000373,0.00039154752346348687,128,10000,10000,,,,,370
vertex_scaling,complete,100,9900,1.0,20261104,0,True,adjacency_list_heap,2,0.00022181640625001942,0.00022191862109366411,256,,,9900,371,371,271,370
vertex_scaling,complete,100,9900,1.0,20261104,0,True,matrix_array,3,0.00039189843750003783,0.0003921982421388748,128,10000,10000,,,,,370
vertex_scaling,complete,100,9900,1.0,20261104,0,True,adjacency_list_heap,3,0.00022404687499999465,0.00022415462109393047,256,,,9900,371,371,271,370
vertex_scaling,complete,200,39800,1.0,20261204,0,True,matrix_array,1,0.0015190312499999692,0.0015197571563021484,64,40000,40000,,,,,848
vertex_scaling,complete,200,39800,1.0,20261204,0,True,adjacency_list_heap,1,0.0007679374999999822,0.0007683557968789501,128,,,39800,849,849,649,848
vertex_scaling,complete,200,39800,1.0,20261204,0,True,matrix_array,2,0.0015207187500000385,0.0015213671874789725,64,40000,40000,,,,,848
vertex_scaling,complete,200,39800,1.0,20261204,0,True,adjacency_list_heap,2,0.0007684609374999929,0.0007688772812457501,128,,,39800,849,849,649,848
vertex_scaling,complete,200,39800,1.0,20261204,0,True,matrix_array,3,0.0015250468749999913,0.0015256770781206797,64,40000,40000,,,,,848
vertex_scaling,complete,200,39800,1.0,20261204,0,True,adjacency_list_heap,3,0.0007648515625000019,0.0007652483672018207,128,,,39800,849,849,649,848
vertex_scaling,complete,400,159600,1.0,20261404,0,True,matrix_array,1,0.0064112500000002015,0.006415057250706013,8,160000,160000,,,,,1766
vertex_scaling,complete,400,159600,1.0,20261404,0,True,adjacency_list_heap,1,0.0038402500000001005,0.0038426796877502056,16,,,159600,1767,1767,1367,1766
vertex_scaling,complete,400,159600,1.0,20261404,0,True,matrix_array,2,0.006414874999999931,0.006418671875508153,8,160000,160000,,,,,1766
vertex_scaling,complete,400,159600,1.0,20261404,0,True,adjacency_list_heap,2,0.0038885624999998036,0.003890539062467724,16,,,159600,1767,1767,1367,1766
vertex_scaling,complete,400,159600,1.0,20261404,0,True,matrix_array,3,0.006411625000000143,0.0064142448754864745,8,160000,160000,,,,,1766
vertex_scaling,complete,400,159600,1.0,20261404,0,True,adjacency_list_heap,3,0.003741499999999842,0.0037429531253110326,16,,,159600,1767,1767,1367,1766
vertex_scaling,complete,800,639200,1.0,20261804,0,True,matrix_array,1,0.025947000000002163,0.025958521000575274,2,640000,640000,,,,,3769
vertex_scaling,complete,800,639200,1.0,20261804,0,True,adjacency_list_heap,1,0.039369000000000653,0.03939839550002944,2,,,639200,3770,3770,2970,3769
vertex_scaling,complete,800,639200,1.0,20261804,0,True,matrix_array,2,0.0260965000000013,0.026111458500963636,2,640000,640000,,,,,3769
vertex_scaling,complete,800,639200,1.0,20261804,0,True,adjacency_list_heap,2,0.03945799999999977,0.03948025000136113,2,,,639200,3770,3770,2970,3769
vertex_scaling,complete,800,639200,1.0,20261804,0,True,matrix_array,3,0.02603300000000175,0.02604585449807928,2,640000,640000,,,,,3769
vertex_scaling,complete,800,639200,1.0,20261804,0,True,adjacency_list_heap,3,0.039598500000000314,0.03963379199922201,2,,,639200,3770,3770,2970,3769
vertex_scaling,complete,1600,2558400,1.0,20262604,0,True,matrix_array,1,0.1001979999999989,0.10024008400068851,1,2560000,2560000,,,,,7719
vertex_scaling,complete,1600,2558400,1.0,20262604,0,True,adjacency_list_heap,1,0.18107600000000446,0.1811565000025439,1,,,2558400,7720,7720,6120,7719
vertex_scaling,complete,1600,2558400,1.0,20262604,0,True,matrix_array,2,0.10052100000000053,0.10058045900223078,1,2560000,2560000,,,,,7719
vertex_scaling,complete,1600,2558400,1.0,20262604,0,True,adjacency_list_heap,2,0.1786519999999996,0.17875254200043855,1,,,2558400,7720,7720,6120,7719
vertex_scaling,complete,1600,2558400,1.0,20262604,0,True,matrix_array,3,0.10033299999999912,0.10037666699645342,1,2560000,2560000,,,,,7719
vertex_scaling,complete,1600,2558400,1.0,20262604,0,True,adjacency_list_heap,3,0.1794489999999982,0.17954150000150548,1,,,2558400,7720,7720,6120,7719
vertex_scaling,complete,3200,10236800,1.0,20264204,0,True,matrix_array,1,0.40016400000000374,0.4003442079992965,1,10240000,10240000,,,,,15362
vertex_scaling,complete,3200,10236800,1.0,20264204,0,True,adjacency_list_heap,1,0.7404929999999865,0.7408917499997187,1,,,10236800,15363,15363,12163,15362
vertex_scaling,complete,3200,10236800,1.0,20264204,0,True,matrix_array,2,0.3998419999999996,0.4000137499970151,1,10240000,10240000,,,,,15362
vertex_scaling,complete,3200,10236800,1.0,20264204,0,True,adjacency_list_heap,2,0.7404939999999982,0.7409175830034656,1,,,10236800,15363,15363,12163,15362
vertex_scaling,complete,3200,10236800,1.0,20264204,0,True,matrix_array,3,0.3999769999999998,0.400151250003546,1,10240000,10240000,,,,,15362
vertex_scaling,complete,3200,10236800,1.0,20264204,0,True,adjacency_list_heap,3,0.7430009999999925,0.7434074159973534,1,,,10236800,15363,15363,12163,15362
vertex_scaling_fixed_degree,sparse,100,500,0.050505050505050504,20261105,0,True,matrix_array,1,0.00027259765624998433,0.00027274739844074247,256,10000,10000,,,,,143
vertex_scaling_fixed_degree,sparse,100,500,0.050505050505050504,20261105,0,True,adjacency_list_heap,1,3.814355468750169e-05,3.81586914066645e-05,2048,,,500,144,144,44,143
vertex_scaling_fixed_degree,sparse,100,500,0.050505050505050504,20261105,0,True,matrix_array,2,0.0002730546874999962,0.00027319270702719223,256,10000,10000,,,,,143
vertex_scaling_fixed_degree,sparse,100,500,0.050505050505050504,20261105,0,True,adjacency_list_heap,2,3.796777343749447e-05,3.798632812390679e-05,2048,,,500,144,144,44,143
vertex_scaling_fixed_degree,sparse,100,500,0.050505050505050504,20261105,0,True,matrix_array,3,0.00027270703124998574,0.00027284537890182037,256,10000,10000,,,,,143
vertex_scaling_fixed_degree,sparse,100,500,0.050505050505050504,20261105,0,True,adjacency_list_heap,3,3.8152832031249084e-05,3.8174235349686114e-05,2048,,,500,144,144,44,143
vertex_scaling_fixed_degree,sparse,200,1000,0.02512562814070352,20261205,0,True,matrix_array,1,0.0010454999999998105,0.0010460774843750187,64,40000,40000,,,,,287
vertex_scaling_fixed_degree,sparse,200,1000,0.02512562814070352,20261205,0,True,adjacency_list_heap,1,8.175292968749803e-05,8.178845214956709e-05,1024,,,1000,288,288,88,287
vertex_scaling_fixed_degree,sparse,200,1000,0.02512562814070352,20261205,0,True,matrix_array,2,0.0010477968749997846,0.0010483847655677891,64,40000,40000,,,,,287
vertex_scaling_fixed_degree,sparse,200,1000,0.02512562814070352,20261205,0,True,adjacency_list_heap,2,8.051269531249294e-05,8.053694726584126e-05,1024,,,1000,288,288,88,287
vertex_scaling_fixed_degree,sparse,200,1000,0.02512562814070352,20261205,0,True,matrix_array,3,0.0010487500000000427,0.0010492402343516005,64,40000,40000,,,,,287
vertex_scaling_fixed_degree,sparse,200,1000,0.02512562814070352,20261205,0,True,adjacency_list_heap,3,8.057324218749273e-05,8.062593651914085e-05,1024,,,1000,288,288,88,287
vertex_scaling_fixed_degree,sparse,400,2000,0.012531328320802004,20261405,0,True,matrix_array,1,0.004519562500000518,0.004521822937476827,16,160000,160000,,,,,585
vertex_scaling_fixed_degree,sparse,400,2000,0.012531328320802004,20261405,0,True,adjacency_list_heap,1,0.0001922675781249883,0.00019240804101627873,512,,,2000,586,586,186,585
vertex_scaling_fixed_degree,sparse,400,2000,0.012531328320802004,20261405,0,True,matrix_array,2,0.0045343750000004235,0.004536296874903201,16,160000,160000,,,,,585
vertex_scaling_fixed_degree,sparse,400,2000,0.012531328320802004,20261405,0,True,adjacency_list_heap,2,0.00019207031249998674,0.00019218473242688106,512,,,2000,586,586,186,585
vertex_scaling_fixed_degree,sparse,400,2000,0.012531328320802004,20261405,0,True,matrix_array,3,0.004529062499999625,0.004531359374595922,16,160000,160000,,,,,585
vertex_scaling_fixed_degree,sparse,400,2000,0.012531328320802004,20261405,0,True,adjacency_list_heap,3,0.00019200976562500083,0.00019210888672205328,512,,,2000,586,586,186,585
vertex_scaling_fixed_degree,sparse,800,4000,0.006257822277847309,20261805,0,True,matrix_array,1,0.019342250000001115,0.01935192725068191,4,640000,640000,,,,,1163
vertex_scaling_fixed_degree,sparse,800,4000,0.006257822277847309,20261805,0,True,adjacency_list_heap,1,0.0004083515624999645,0.0004085237655999663,128,,,4000,1164,1164,364,1163
vertex_scaling_fixed_degree,sparse,800,4000,0.006257822277847309,20261805,0,True,matrix_array,2,0.019381249999998573,0.01938887500000419,4,640000,640000,,,,,1163
vertex_scaling_fixed_degree,sparse,800,4000,0.006257822277847309,20261805,0,True,adjacency_list_heap,2,0.0004076171875000423,0.00040782942971873126,128,,,4000,1164,1164,364,1163
vertex_scaling_fixed_degree,sparse,800,4000,0.006257822277847309,20261805,0,True,matrix_array,3,0.01897675000000021,0.018986593750014435,4,640000,640000,,,,,1163
vertex_scaling_fixed_degree,sparse,800,4000,0.006257822277847309,20261805,0,True,adjacency_list_heap,3,0.00040714062500002424,0.00040735417184123435,128,,,4000,1164,1164,364,1163
vertex_scaling_fixed_degree,sparse,1600,8000,0.0031269543464665416,20262605,0,True,matrix_array,1,0.08112400000000264,0.08115525000175694,1,2560000,2560000,,,,,2323
vertex_scaling_fixed_degree,sparse,1600,8000,0.0031269543464665416,20262605,0,True,adjacency_list_heap,1,0.0008610781250000255,0.0008617486874982205,64,,,8000,2324,2324,724,2323
vertex_scaling_fixed_degree,sparse,1600,8000,0.0031269543464665416,20262605,0,True,matrix_array,2,0.07969900000000507,0.07972875000268687,1,2560000,2560000,,,,,2323
vertex_scaling_fixed_degree,sparse,1600,8000,0.0031269543464665416,20262605,0,True,adjacency_list_heap,2,0.0008624531249998846,0.0008628919374586985,64,,,8000,2324,2324,724,2323
vertex_scaling_fixed_degree,sparse,1600,8000,0.0031269543464665416,20262605,0,True,matrix_array,3,0.08053599999999506,0.08057612500124378,1,2560000,2560000,,,,,2323
vertex_scaling_fixed_degree,sparse,1600,8000,0.0031269543464665416,20262605,0,True,adjacency_list_heap,3,0.0008578281250000153,0.0008582740937299604,64,,,8000,2324,2324,724,2323
vertex_scaling_fixed_degree,sparse,3200,16000,0.0015629884338855893,20264205,0,True,matrix_array,1,0.32463599999999815,0.3247886249955627,1,10240000,10240000,,,,,4668
vertex_scaling_fixed_degree,sparse,3200,16000,0.0015629884338855893,20264205,0,True,adjacency_list_heap,1,0.0018677187500002468,0.0018684765625494038,32,,,16000,4669,4669,1469,4668
vertex_scaling_fixed_degree,sparse,3200,16000,0.0015629884338855893,20264205,0,True,matrix_array,2,0.32137699999999825,0.3215128750016447,1,10240000,10240000,,,,,4668
vertex_scaling_fixed_degree,sparse,3200,16000,0.0015629884338855893,20264205,0,True,adjacency_list_heap,2,0.0018753437500000913,0.0018762760312256432,32,,,16000,4669,4669,1469,4668
vertex_scaling_fixed_degree,sparse,3200,16000,0.0015629884338855893,20264205,0,True,matrix_array,3,0.31916899999998805,0.3193044169966015,1,10240000,10240000,,,,,4668
vertex_scaling_fixed_degree,sparse,3200,16000,0.0015629884338855893,20264205,0,True,adjacency_list_heap,3,0.0018745937499997645,0.0018755638122911478,32,,,16000,4669,4669,1469,4668
edge_scaling,fixed_v,1000,999,0.001,20262009,0,True,matrix_array,1,0.02798400000000356,0.027993333500489825,2,1000000,1000000,,,,,999
edge_scaling,fixed_v,1000,999,0.001,20262009,0,True,adjacency_list_heap,1,9.117675781249168e-05,9.122208690826028e-05,1024,,,999,1000,1000,0,999
edge_scaling,fixed_v,1000,999,0.001,20262009,0,True,matrix_array,2,0.02833800000000508,0.02835631250127335,2,1000000,1000000,,,,,999
edge_scaling,fixed_v,1000,999,0.001,20262009,0,True,adjacency_list_heap,2,9.153515625000275e-05,9.158394335884168e-05,1024,,,999,1000,1000,0,999
edge_scaling,fixed_v,1000,999,0.001,20262009,0,True,matrix_array,3,0.02728599999999659,0.02730225000050268,2,1000000,1000000,,,,,999
edge_scaling,fixed_v,1000,999,0.001,20262009,0,True,adjacency_list_heap,3,9.202929687500416e-05,9.207718847648039e-05,1024,,,999,1000,1000,0,999
edge_scaling,fixed_v,1000,2000,0.002002002002002002,20263010,0,True,matrix_array,1,0.02998050000000063,0.02999275000183843,2,1000000,1000000,,,,,1079
edge_scaling,fixed_v,1000,2000,0.002002002002002002,20263010,0,True,adjacency_list_heap,1,0.00032152734374996106,0.0003216632499913885,256,,,2000,1080,1080,80,1079
edge_scaling,fixed_v,1000,2000,0.002002002002002002,20263010,0,True,matrix_array,2,0.030527500000005148,0.030544771001586923,2,1000000,1000000,,,,,1079
edge_scaling,fixed_v,1000,2000,0.002002002002002002,20263010,0,True,adjacency_list_heap,2,0.0003209882812499898,0.0003211067695190195,256,,,2000,1080,1080,80,1079
edge_scaling,fixed_v,1000,2000,0.002002002002002002,20263010,0,True,matrix_array,3,0.029926000000003228,0.029938521001895424,2,1000000,1000000,,,,,1079
edge_scaling,fixed_v,1000,2000,0.002002002002002002,20263010,0,True,adjacency_list_heap,3,0.0003225429687500059,0.00032275260545588935,256,,,2000,1080,1080,80,1079
edge_scaling,fixed_v,1000,5000,0.005005005005005005,20266010,0,True,matrix_array,1,0.029889499999995905,0.029903853999712737,2,1000000,1000000,,,,,1458
edge_scaling,fixed_v,1000,5000,0.005005005005005005,20266010,0,True,adjacency_list_heap,1,0.0005195000000000061,0.0005201946562465309,128,,,5000,1459,1459,459,1458
edge_scaling,fixed_v,1000,5000,0.005005005005005005,20266010,0,True,matrix_array,2,0.030715500000006557,0.030725687498488696,2,1000000,1000000,,,,,1458
edge_scaling,fixed_v,1000,5000,0.005005005005005005,20266010,0,True,adjacency_list_heap,2,0.0005184218749999525,0.0005187519531091311,128,,,5000,1459,1459,459,1458
edge_scaling,fixed_v,1000,5000,0.005005005005005005,20266010,0,True,matrix_array,3,0.030561499999997466,0.030575124997994862,2,1000000,1000000,,,,,1458
edge_scaling,fixed_v,1000,5000,0.005005005005005005,20266010,0,True,adjacency_list_heap,3,0.000516953124999997,0.000517150710891201,128,,,5000,1459,1459,459,1458
edge_scaling,fixed_v,1000,10000,0.01001001001001001,20271010,0,True,matrix_array,1,0.029224499999997988,0.029239562500151806,2,1000000,1000000,,,,,1924
edge_scaling,fixed_v,1000,10000,0.01001001001001001,20271010,0,True,adjacency_list_heap,1,0.0007760468749999916,0.00077650423435216,128,,,10000,1925,1925,925,1924
edge_scaling,fixed_v,1000,10000,0.01001001001001001,20271010,0,True,matrix_array,2,0.02984750000000247,0.029863437499443535,2,1000000,1000000,,,,,1924
edge_scaling,fixed_v,1000,10000,0.01001001001001001,20271010,0,True,adjacency_list_heap,2,0.0007773203124999961,0.0007776490859328078,128,,,10000,1925,1925,925,1924
edge_scaling,fixed_v,1000,10000,0.01001001001001001,20271010,0,True,matrix_array,3,0.029413500000003978,0.029428207999444567,2,1000000,1000000,,,,,1924
edge_scaling,fixed_v,1000,10000,0.01001001001001001,20271010,0,True,adjacency_list_heap,3,0.0007780546874999184,0.000778535156257476,128,,,10000,1925,1925,925,1924
edge_scaling,fixed_v,1000,50000,0.05005005005005005,20311010,0,True,matrix_array,1,0.029952999999999008,0.029968416500196327,2,1000000,1000000,,,,,3232
edge_scaling,fixed_v,1000,50000,0.05005005005005005,20311010,0,True,adjacency_list_heap,1,0.0020455312499998435,0.0020467669373829267,32,,,50000,3233,3233,2233,3232
edge_scaling,fixed_v,1000,50000,0.05005005005005005,20311010,0,True,matrix_array,2,0.02967549999999619,0.02968645849978202,2,1000000,1000000,,,,,3232
edge_scaling,fixed_v,1000,50000,0.05005005005005005,20311010,0,True,adjacency_list_heap,2,0.002002749999999942,0.0020038216250668484,32,,,50000,3233,3233,2233,3232
edge_scaling,fixed_v,1000,50000,0.05005005005005005,20311010,0,True,matrix_array,3,0.030051000000000272,0.030063750000408618,2,1000000,1000000,,,,,3232
edge_scaling,fixed_v,1000,50000,0.05005005005005005,20311010,0,True,adjacency_list_heap,3,0.0020183750000000167,0.0020200481874326215,32,,,50000,3233,3233,2233,3232
edge_scaling,fixed_v,1000,250000,0.2502502502502503,20511010,0,True,matrix_array,1,0.03470699999999738,0.03472254149892251,2,1000000,1000000,,,,,4271
edge_scaling,fixed_v,1000,250000,0.2502502502502503,20511010,0,True,adjacency_list_heap,1,0.011521124999999799,0.011529432249517413,8,,,250000,4272,4272,3272,4271
edge_scaling,fixed_v,1000,250000,0.2502502502502503,20511010,0,True,matrix_array,2,0.03469650000000257,0.03471329150124802,2,1000000,1000000,,,,,4271
edge_scaling,fixed_v,1000,250000,0.2502502502502503,20511010,0,True,adjacency_list_heap,2,0.011507749999999817,0.011519906250214262,8,,,250000,4272,4272,3272,4271
edge_scaling,fixed_v,1000,250000,0.2502502502502503,20511010,0,True,matrix_array,3,0.03493550000000312,0.03497514599803253,2,1000000,1000000,,,,,4271
edge_scaling,fixed_v,1000,250000,0.2502502502502503,20511010,0,True,adjacency_list_heap,3,0.012676499999999535,0.012688437499491556,8,,,250000,4272,4272,3272,4271
edge_scaling,fixed_v,1000,400000,0.4004004004004004,20661010,0,True,matrix_array,1,0.03991450000000185,0.039939728998433566,2,1000000,1000000,,,,,4474
edge_scaling,fixed_v,1000,400000,0.4004004004004004,20661010,0,True,adjacency_list_heap,1,0.024329749999999706,0.024343676999706076,4,,,400000,4475,4475,3475,4474
edge_scaling,fixed_v,1000,400000,0.4004004004004004,20661010,0,True,matrix_array,2,0.03992399999999918,0.03994670850079274,2,1000000,1000000,,,,,4474
edge_scaling,fixed_v,1000,400000,0.4004004004004004,20661010,0,True,adjacency_list_heap,2,0.024186000000000263,0.024204385250413907,4,,,400000,4475,4475,3475,4474
edge_scaling,fixed_v,1000,400000,0.4004004004004004,20661010,0,True,matrix_array,3,0.03968749999999943,0.039708562500891276,2,1000000,1000000,,,,,4474
edge_scaling,fixed_v,1000,400000,0.4004004004004004,20661010,0,True,adjacency_list_heap,3,0.023807250000000835,0.02382210399991891,4,,,400000,4475,4475,3475,4474
edge_scaling,fixed_v,1000,600000,0.6006006006006006,20861010,0,True,matrix_array,1,0.041622499999995455,0.04164208349902765,2,1000000,1000000,,,,,4565
edge_scaling,fixed_v,1000,600000,0.6006006006006006,20861010,0,True,adjacency_list_heap,1,0.03853449999999725,0.03854981250333367,2,,,600000,4566,4566,3566,4565
edge_scaling,fixed_v,1000,600000,0.6006006006006006,20861010,0,True,matrix_array,2,0.04170400000000285,0.04171793749992503,2,1000000,1000000,,,,,4565
edge_scaling,fixed_v,1000,600000,0.6006006006006006,20861010,0,True,adjacency_list_heap,2,0.03885550000000393,0.038877541501278756,2,,,600000,4566,4566,3566,4565
edge_scaling,fixed_v,1000,600000,0.6006006006006006,20861010,0,True,matrix_array,3,0.04132600000000508,0.04134631250053644,2,1000000,1000000,,,,,4565
edge_scaling,fixed_v,1000,600000,0.6006006006006006,20861010,0,True,adjacency_list_heap,3,0.038463499999998874,0.03848879150245921,2,,,600000,4566,4566,3566,4565
edge_scaling,fixed_v,1000,800000,0.8008008008008008,21061010,0,True,matrix_array,1,0.04102449999999891,0.04104920849931659,2,1000000,1000000,,,,,4572
edge_scaling,fixed_v,1000,800000,0.8008008008008008,21061010,0,True,adjacency_list_heap,1,0.053173000000001025,0.053219540997815784,1,,,800000,4573,4573,3573,4572
edge_scaling,fixed_v,1000,800000,0.8008008008008008,21061010,0,True,matrix_array,2,0.0411059999999992,0.0411344794993056,2,1000000,1000000,,,,,4572
edge_scaling,fixed_v,1000,800000,0.8008008008008008,21061010,0,True,adjacency_list_heap,2,0.052351999999999066,0.052390125005331356,1,,,800000,4573,4573,3573,4572
edge_scaling,fixed_v,1000,800000,0.8008008008008008,21061010,0,True,matrix_array,3,0.04113249999999624,0.041159854001307394,2,1000000,1000000,,,,,4572
edge_scaling,fixed_v,1000,800000,0.8008008008008008,21061010,0,True,adjacency_list_heap,3,0.05248400000000686,0.052535208997142036,1,,,800000,4573,4573,3573,4572
edge_scaling,fixed_v,1000,999000,1.0,21260010,0,True,matrix_array,1,0.040874500000001035,0.04089431250031339,2,1000000,1000000,,,,,4622
edge_scaling,fixed_v,1000,999000,1.0,21260010,0,True,adjacency_list_heap,1,0.0679930000000013,0.06804062500305008,1,,,999000,4623,4623,3623,4622
edge_scaling,fixed_v,1000,999000,1.0,21260010,0,True,matrix_array,2,0.040824499999999375,0.04084556250018068,2,1000000,1000000,,,,,4622
edge_scaling,fixed_v,1000,999000,1.0,21260010,0,True,adjacency_list_heap,2,0.06732900000000086,0.06736812499730149,1,,,999000,4623,4623,3623,4622
edge_scaling,fixed_v,1000,999000,1.0,21260010,0,True,matrix_array,3,0.040830999999997175,0.040853146001609275,2,1000000,1000000,,,,,4622
edge_scaling,fixed_v,1000,999000,1.0,21260010,0,True,adjacency_list_heap,3,0.0678180000000026,0.06785029199818382,1,,,999000,4623,4623,3623,4622
