graph_type,number_of_vertices,number_of_edges,density,implementation,trial_count,median_cpu_seconds,median_wall_seconds,minimum_scan_checks,matrix_neighbour_checks,edge_scans,heap_pushes,heap_pops,stale_heap_pops,successful_relaxations
dense,100,4950,0.5,adjacency_list_heap,3,0.0,0.0003823998849838972,,,4950.0,331.0,331.0,231.0,330.0
dense,100,4950,0.5,matrix_array,3,0.0,0.0011495999060571194,10000.0,10000.0,,,,,330.0
dense,200,19900,0.5,adjacency_list_heap,3,0.0,0.0015968000516295433,,,19900.0,768.0,768.0,568.0,767.0
dense,200,19900,0.5,matrix_array,3,0.0,0.004600699990987778,40000.0,40000.0,,,,,767.0
dense,400,79800,0.5,adjacency_list_heap,3,0.0,0.008584799943491817,,,79800.0,1619.0,1619.0,1219.0,1618.0
dense,400,79800,0.5,matrix_array,3,0.015625,0.022011399967595935,160000.0,160000.0,,,,,1618.0
dense,800,319600,0.5,adjacency_list_heap,3,0.09375,0.08600150002166629,,,319600.0,3475.0,3475.0,2675.0,3474.0
dense,800,319600,0.5,matrix_array,3,0.109375,0.10216939984820783,640000.0,640000.0,,,,,3474.0
dense,1600,1279200,0.5,adjacency_list_heap,3,1.0,1.069312300067395,,,1279200.0,7543.0,7543.0,5943.0,7542.0
dense,1600,1279200,0.5,matrix_array,3,0.765625,0.8115715999156237,2560000.0,2560000.0,,,,,7542.0
medium,100,990,0.1,adjacency_list_heap,3,0.0,0.00021299999207258224,,,990.0,193.0,193.0,93.0,192.0
medium,100,990,0.1,matrix_array,3,0.0,0.0014532001223415136,10000.0,10000.0,,,,,192.0
medium,200,3980,0.1,adjacency_list_heap,3,0.0,0.0006472000386565924,,,3980.0,490.0,490.0,290.0,489.0
medium,200,3980,0.1,matrix_array,3,0.0,0.00531139993108809,40000.0,40000.0,,,,,489.0
medium,400,15960,0.1,adjacency_list_heap,3,0.0,0.002611899981275201,,,15960.0,1244.0,1244.0,844.0,1243.0
medium,400,15960,0.1,matrix_array,3,0.015625,0.02010929980315268,160000.0,160000.0,,,,,1243.0
medium,800,63920,0.1,adjacency_list_heap,3,0.015625,0.010152400005608797,,,63920.0,2866.0,2866.0,2066.0,2865.0
medium,800,63920,0.1,matrix_array,3,0.078125,0.07657919987104833,640000.0,640000.0,,,,,2865.0
medium,1600,255840,0.1,adjacency_list_heap,3,0.078125,0.07991340011358261,,,255840.0,6515.0,6515.0,4915.0,6514.0
medium,1600,255840,0.1,matrix_array,3,0.28125,0.2878300999291241,2560000.0,2560000.0,,,,,6514.0
sparse,100,99,0.01,adjacency_list_heap,3,0.0,2.9800226911902428e-05,,,99.0,100.0,100.0,0.0,99.0
sparse,100,99,0.01,matrix_array,3,0.0,0.0008570000063627958,10000.0,10000.0,,,,,99.0
sparse,200,398,0.01,adjacency_list_heap,3,0.0,0.00011120014823973179,,,398.0,217.0,217.0,17.0,216.0
sparse,200,398,0.01,matrix_array,3,0.0,0.003355500055477023,40000.0,40000.0,,,,,216.0
sparse,400,1596,0.01,adjacency_list_heap,3,0.0,0.0004150001332163811,,,1596.0,550.0,550.0,150.0,549.0
sparse,400,1596,0.01,matrix_array,3,0.015625,0.014422700041905046,160000.0,160000.0,,,,,549.0
sparse,800,6392,0.01,adjacency_list_heap,3,0.0,0.0021037000697106123,,,6392.0,1434.0,1434.0,634.0,1433.0
sparse,800,6392,0.01,matrix_array,3,0.109375,0.10560410004109144,640000.0,640000.0,,,,,1433.0
sparse,1600,25584,0.01,adjacency_list_heap,3,0.0,0.007410799851641059,,,25584.0,3754.0,3754.0,2154.0,3753.0
sparse,1600,25584,0.01,matrix_array,3,0.3125,0.3014198001474142,2560000.0,2560000.0,,,,,3753.0
