implementation,graph_type,number_of_vertices,number_of_edges,density,random_seed,source_vertex,trial,cpu_seconds,wall_seconds,minimum_scan_checks,matrix_neighbour_checks,edge_scans,heap_pushes,heap_pops,stale_heap_pops,successful_relaxations,correct
matrix_array,sparse,100,99,0.01,20261101,0,1,0.0,0.0009012001100927591,10000,10000,,,,,99,True
matrix_array,sparse,100,99,0.01,20261101,0,2,0.0,0.0008570000063627958,10000,10000,,,,,99,True
matrix_array,sparse,100,99,0.01,20261101,0,3,0.0,0.000856699887663126,10000,10000,,,,,99,True
adjacency_list_heap,sparse,100,99,0.01,20261101,0,1,0.0,2.950010821223259e-05,,,99,100,100,0,99,True
adjacency_list_heap,sparse,100,99,0.01,20261101,0,2,0.0,2.9800226911902428e-05,,,99,100,100,0,99,True
adjacency_list_heap,sparse,100,99,0.01,20261101,0,3,0.0,3.6700163036584854e-05,,,99,100,100,0,99,True
matrix_array,sparse,200,398,0.01,20261201,0,1,0.0,0.003461600048467517,40000,40000,,,,,216,True
matrix_array,sparse,200,398,0.01,20261201,0,2,0.0,0.0033499000128358603,40000,40000,,,,,216,True
matrix_array,sparse,200,398,0.01,20261201,0,3,0.0,0.003355500055477023,40000,40000,,,,,216,True
adjacency_list_heap,sparse,200,398,0.01,20261201,0,1,0.0,0.00011249980889260769,,,398,217,217,17,216,True
adjacency_list_heap,sparse,200,398,0.01,20261201,0,2,0.0,0.00011120014823973179,,,398,217,217,17,216,True
adjacency_list_heap,sparse,200,398,0.01,20261201,0,3,0.0,0.00010990002192556858,,,398,217,217,17,216,True
matrix_array,sparse,400,1596,0.01,20261401,0,1,0.015625,0.014190099900588393,160000,160000,,,,,549,True
matrix_array,sparse,400,1596,0.01,20261401,0,2,0.015625,0.014422700041905046,160000,160000,,,,,549,True
matrix_array,sparse,400,1596,0.01,20261401,0,3,0.015625,0.015488599892705679,160000,160000,,,,,549,True
adjacency_list_heap,sparse,400,1596,0.01,20261401,0,1,0.0,0.0004150001332163811,,,1596,550,550,150,549,True
adjacency_list_heap,sparse,400,1596,0.01,20261401,0,2,0.0,0.0004640999250113964,,,1596,550,550,150,549,True
adjacency_list_heap,sparse,400,1596,0.01,20261401,0,3,0.0,0.0004093002062290907,,,1596,550,550,150,549,True
matrix_array,sparse,800,6392,0.01,20261801,0,1,0.0625,0.06863429979421198,640000,640000,,,,,1433,True
matrix_array,sparse,800,6392,0.01,20261801,0,2,0.109375,0.11861460004001856,640000,640000,,,,,1433,True
matrix_array,sparse,800,6392,0.01,20261801,0,3,0.109375,0.10560410004109144,640000,640000,,,,,1433,True
adjacency_list_heap,sparse,800,6392,0.01,20261801,0,1,0.0,0.0021037000697106123,,,6392,1434,1434,634,1433,True
adjacency_list_heap,sparse,800,6392,0.01,20261801,0,2,0.0,0.0022205000277608633,,,6392,1434,1434,634,1433,True
adjacency_list_heap,sparse,800,6392,0.01,20261801,0,3,0.0,0.0018496999982744455,,,6392,1434,1434,634,1433,True
matrix_array,sparse,1600,25584,0.01,20262601,0,1,0.265625,0.27449859981425107,2560000,2560000,,,,,3753,True
matrix_array,sparse,1600,25584,0.01,20262601,0,2,0.3125,0.3014198001474142,2560000,2560000,,,,,3753,True
matrix_array,sparse,1600,25584,0.01,20262601,0,3,0.359375,0.3683849999215454,2560000,2560000,,,,,3753,True
adjacency_list_heap,sparse,1600,25584,0.01,20262601,0,1,0.015625,0.007707400014624,,,25584,3754,3754,2154,3753,True
adjacency_list_heap,sparse,1600,25584,0.01,20262601,0,2,0.0,0.007410799851641059,,,25584,3754,3754,2154,3753,True
adjacency_list_heap,sparse,1600,25584,0.01,20262601,0,3,0.0,0.0066824001260101795,,,25584,3754,3754,2154,3753,True
matrix_array,medium,100,990,0.1,20261102,0,1,0.0,0.0014361999928951263,10000,10000,,,,,192,True
matrix_array,medium,100,990,0.1,20261102,0,2,0.0,0.0014532001223415136,10000,10000,,,,,192,True
matrix_array,medium,100,990,0.1,20261102,0,3,0.0,0.0014663999900221825,10000,10000,,,,,192,True
adjacency_list_heap,medium,100,990,0.1,20261102,0,1,0.0,0.00021500000730156898,,,990,193,193,93,192,True
adjacency_list_heap,medium,100,990,0.1,20261102,0,2,0.0,0.00020789983682334423,,,990,193,193,93,192,True
adjacency_list_heap,medium,100,990,0.1,20261102,0,3,0.0,0.00021299999207258224,,,990,193,193,93,192,True
matrix_array,medium,200,3980,0.1,20261202,0,1,0.015625,0.0054039000533521175,40000,40000,,,,,489,True
matrix_array,medium,200,3980,0.1,20261202,0,2,0.0,0.005252799950540066,40000,40000,,,,,489,True
matrix_array,medium,200,3980,0.1,20261202,0,3,0.0,0.00531139993108809,40000,40000,,,,,489,True
adjacency_list_heap,medium,200,3980,0.1,20261202,0,1,0.0,0.000656000105664134,,,3980,490,490,290,489,True
adjacency_list_heap,medium,200,3980,0.1,20261202,0,2,0.015625,0.0006472000386565924,,,3980,490,490,290,489,True
adjacency_list_heap,medium,200,3980,0.1,20261202,0,3,0.0,0.000634100055322051,,,3980,490,490,290,489,True
matrix_array,medium,400,15960,0.1,20261402,0,1,0.03125,0.02066789986565709,160000,160000,,,,,1243,True
matrix_array,medium,400,15960,0.1,20261402,0,2,0.015625,0.02010929980315268,160000,160000,,,,,1243,True
matrix_array,medium,400,15960,0.1,20261402,0,3,0.015625,0.01980739994905889,160000,160000,,,,,1243,True
adjacency_list_heap,medium,400,15960,0.1,20261402,0,1,0.0,0.0030042999424040318,,,15960,1244,1244,844,1243,True
adjacency_list_heap,medium,400,15960,0.1,20261402,0,2,0.0,0.002611899981275201,,,15960,1244,1244,844,1243,True
adjacency_list_heap,medium,400,15960,0.1,20261402,0,3,0.0,0.0021651999559253454,,,15960,1244,1244,844,1243,True
matrix_array,medium,800,63920,0.1,20261802,0,1,0.0625,0.07657919987104833,640000,640000,,,,,2865,True
matrix_array,medium,800,63920,0.1,20261802,0,2,0.078125,0.07734059984795749,640000,640000,,,,,2865,True
matrix_array,medium,800,63920,0.1,20261802,0,3,0.078125,0.07532440009526908,640000,640000,,,,,2865,True
adjacency_list_heap,medium,800,63920,0.1,20261802,0,1,0.015625,0.010979299899190664,,,63920,2866,2866,2066,2865,True
adjacency_list_heap,medium,800,63920,0.1,20261802,0,2,0.0,0.010152400005608797,,,63920,2866,2866,2066,2865,True
adjacency_list_heap,medium,800,63920,0.1,20261802,0,3,0.015625,0.009834899799898267,,,63920,2866,2866,2066,2865,True
matrix_array,medium,1600,255840,0.1,20262602,0,1,0.296875,0.3039892001543194,2560000,2560000,,,,,6514,True
matrix_array,medium,1600,255840,0.1,20262602,0,2,0.28125,0.27590330014936626,2560000,2560000,,,,,6514,True
matrix_array,medium,1600,255840,0.1,20262602,0,3,0.28125,0.2878300999291241,2560000,2560000,,,,,6514,True
adjacency_list_heap,medium,1600,255840,0.1,20262602,0,1,0.09375,0.08979130000807345,,,255840,6515,6515,4915,6514,True
adjacency_list_heap,medium,1600,255840,0.1,20262602,0,2,0.078125,0.07991340011358261,,,255840,6515,6515,4915,6514,True
adjacency_list_heap,medium,1600,255840,0.1,20262602,0,3,0.078125,0.07301150006242096,,,255840,6515,6515,4915,6514,True
matrix_array,dense,100,4950,0.5,20261103,0,1,0.0,0.0011545000597834587,10000,10000,,,,,330,True
matrix_array,dense,100,4950,0.5,20261103,0,2,0.0,0.0011364000383764505,10000,10000,,,,,330,True
matrix_array,dense,100,4950,0.5,20261103,0,3,0.0,0.0011495999060571194,10000,10000,,,,,330,True
adjacency_list_heap,dense,100,4950,0.5,20261103,0,1,0.0,0.00037409993819892406,,,4950,331,331,231,330,True
adjacency_list_heap,dense,100,4950,0.5,20261103,0,2,0.0,0.0003823998849838972,,,4950,331,331,231,330,True
adjacency_list_heap,dense,100,4950,0.5,20261103,0,3,0.0,0.0004548998549580574,,,4950,331,331,231,330,True
matrix_array,dense,200,19900,0.5,20261203,0,1,0.0,0.004613199969753623,40000,40000,,,,,767,True
matrix_array,dense,200,19900,0.5,20261203,0,2,0.015625,0.004600699990987778,40000,40000,,,,,767,True
matrix_array,dense,200,19900,0.5,20261203,0,3,0.0,0.0045022000558674335,40000,40000,,,,,767,True
adjacency_list_heap,dense,200,19900,0.5,20261203,0,1,0.0,0.0014520001132041216,,,19900,768,768,568,767,True
adjacency_list_heap,dense,200,19900,0.5,20261203,0,2,0.0,0.0016404001507908106,,,19900,768,768,568,767,True
adjacency_list_heap,dense,200,19900,0.5,20261203,0,3,0.015625,0.0015968000516295433,,,19900,768,768,568,767,True
matrix_array,dense,400,79800,0.5,20261403,0,1,0.015625,0.022184900008141994,160000,160000,,,,,1618,True
matrix_array,dense,400,79800,0.5,20261403,0,2,0.03125,0.021366700064390898,160000,160000,,,,,1618,True
matrix_array,dense,400,79800,0.5,20261403,0,3,0.015625,0.022011399967595935,160000,160000,,,,,1618,True
adjacency_list_heap,dense,400,79800,0.5,20261403,0,1,0.0,0.008584799943491817,,,79800,1619,1619,1219,1618,True
adjacency_list_heap,dense,400,79800,0.5,20261403,0,2,0.0,0.00758440000936389,,,79800,1619,1619,1219,1618,True
adjacency_list_heap,dense,400,79800,0.5,20261403,0,3,0.015625,0.008986699860543013,,,79800,1619,1619,1219,1618,True
matrix_array,dense,800,319600,0.5,20261803,0,1,0.109375,0.10216939984820783,640000,640000,,,,,3474,True
matrix_array,dense,800,319600,0.5,20261803,0,2,0.09375,0.0973276998847723,640000,640000,,,,,3474,True
matrix_array,dense,800,319600,0.5,20261803,0,3,0.109375,0.10355350002646446,640000,640000,,,,,3474,True
adjacency_list_heap,dense,800,319600,0.5,20261803,0,1,0.0625,0.07450410001911223,,,319600,3475,3475,2675,3474,True
adjacency_list_heap,dense,800,319600,0.5,20261803,0,2,0.09375,0.09007410006597638,,,319600,3475,3475,2675,3474,True
adjacency_list_heap,dense,800,319600,0.5,20261803,0,3,0.09375,0.08600150002166629,,,319600,3475,3475,2675,3474,True
matrix_array,dense,1600,1279200,0.5,20262603,0,1,0.765625,0.8421102000866085,2560000,2560000,,,,,7542,True
matrix_array,dense,1600,1279200,0.5,20262603,0,2,0.78125,0.8115715999156237,2560000,2560000,,,,,7542,True
matrix_array,dense,1600,1279200,0.5,20262603,0,3,0.75,0.8036508997902274,2560000,2560000,,,,,7542,True
adjacency_list_heap,dense,1600,1279200,0.5,20262603,0,1,1.015625,1.069312300067395,,,1279200,7543,7543,5943,7542,True
adjacency_list_heap,dense,1600,1279200,0.5,20262603,0,2,0.984375,1.0943633001297712,,,1279200,7543,7543,5943,7542,True
adjacency_list_heap,dense,1600,1279200,0.5,20262603,0,3,1.0,1.0565229998901486,,,1279200,7543,7543,5943,7542,True
