experiment,graph_family,implementation,number_of_vertices,number_of_edges,density,trial_count,median_cpu_seconds,median_wall_seconds,minimum_scan_checks,matrix_neighbour_checks,edge_scans,heap_pushes,heap_pops,stale_heap_pops,successful_relaxations
edge_scaling,fixed_v,adjacency_list_heap,1000,999,0.001,3,0.00030517578125,0.0003456007816566853,,,999.0,1000.0,1000.0,0.0,999.0
edge_scaling,fixed_v,adjacency_list_heap,1000,2000,0.002002002002002002,3,0.0008544921875,0.0008820664061204297,,,2000.0,1080.0,1080.0,80.0,1079.0
edge_scaling,fixed_v,adjacency_list_heap,1000,5000,0.005005005005005005,3,0.00146484375,0.0014853046886855736,,,5000.0,1459.0,1459.0,459.0,1458.0
edge_scaling,fixed_v,adjacency_list_heap,1000,10000,0.01001001001001001,3,0.00244140625,0.0023790031191310845,,,10000.0,1925.0,1925.0,925.0,1924.0
edge_scaling,fixed_v,adjacency_list_heap,1000,50000,0.05005005005005005,3,0.015625,0.015970174979884177,,,50000.0,3233.0,3233.0,2233.0,3232.0
edge_scaling,fixed_v,adjacency_list_heap,1000,250000,0.2502502502502503,3,0.109375,0.1048059999011457,,,250000.0,4272.0,4272.0,3272.0,4271.0
edge_scaling,fixed_v,adjacency_list_heap,1000,999000,1.0,3,0.40625,0.41632970003411174,,,999000.0,4623.0,4623.0,3623.0,4622.0
edge_scaling,fixed_v,matrix_array,1000,999,0.001,3,0.09375,0.0982997000683099,1000000.0,1000000.0,,,,,999.0
edge_scaling,fixed_v,matrix_array,1000,2000,0.002002002002002002,3,0.109375,0.1125284000299871,1000000.0,1000000.0,,,,,1079.0
edge_scaling,fixed_v,matrix_array,1000,5000,0.005005005005005005,3,0.125,0.12402119999751449,1000000.0,1000000.0,,,,,1458.0
edge_scaling,fixed_v,matrix_array,1000,10000,0.01001001001001001,3,0.109375,0.10884949984028935,1000000.0,1000000.0,,,,,1924.0
edge_scaling,fixed_v,matrix_array,1000,50000,0.05005005005005005,3,0.109375,0.11162300012074411,1000000.0,1000000.0,,,,,3232.0
edge_scaling,fixed_v,matrix_array,1000,250000,0.2502502502502503,3,0.125,0.12776950001716614,1000000.0,1000000.0,,,,,4271.0
edge_scaling,fixed_v,matrix_array,1000,999000,1.0,3,0.140625,0.14074119995348155,1000000.0,1000000.0,,,,,4622.0
vertex_scaling,dense,adjacency_list_heap,100,4950,0.5,3,0.00048828125,0.00046765312436036766,,,4950.0,352.0,352.0,252.0,351.0
vertex_scaling,dense,matrix_array,100,4950,0.5,3,0.0009765625,0.0012059171895089094,10000.0,10000.0,,,,,351.0
vertex_scaling,dense,adjacency_list_heap,200,19900,0.5,3,0.00146484375,0.0016380656270484906,,,19900.0,767.0,767.0,567.0,766.0
vertex_scaling,dense,matrix_array,200,19900,0.5,3,0.005859375,0.005593750000116415,40000.0,40000.0,,,,,766.0
vertex_scaling,dense,adjacency_list_heap,400,79800,0.5,3,0.015625,0.021545950090512633,,,79800.0,1689.0,1689.0,1289.0,1688.0
vertex_scaling,dense,matrix_array,400,79800,0.5,3,0.0234375,0.022180100029800087,160000.0,160000.0,,,,,1688.0
vertex_scaling,dense,adjacency_list_heap,800,319600,0.5,3,0.125,0.14083240018226206,,,319600.0,3509.0,3509.0,2709.0,3508.0
vertex_scaling,dense,matrix_array,800,319600,0.5,3,0.078125,0.08054590015672147,640000.0,640000.0,,,,,3508.0
vertex_scaling,dense,adjacency_list_heap,1600,1279200,0.5,3,0.46875,0.4757262000348419,,,1279200.0,7450.0,7450.0,5850.0,7449.0
vertex_scaling,dense,matrix_array,1600,1279200,0.5,3,0.359375,0.37227050005458295,2560000.0,2560000.0,,,,,7449.0
vertex_scaling,dense,adjacency_list_heap,3200,5118400,0.5,3,2.484375,2.551285299938172,,,5118400.0,15330.0,15330.0,12130.0,15329.0
vertex_scaling,dense,matrix_array,3200,5118400,0.5,3,1.453125,1.512358200037852,10240000.0,10240000.0,,,,,15329.0
vertex_scaling,medium,adjacency_list_heap,100,990,0.1,3,0.0001220703125,0.0001233816406056576,,,990.0,173.0,173.0,73.0,172.0
vertex_scaling,medium,matrix_array,100,990,0.1,3,0.000732421875,0.0009068359395314474,10000.0,10000.0,,,,,172.0
vertex_scaling,medium,adjacency_list_heap,200,3980,0.1,3,0.00048828125,0.0005143375001352979,,,3980.0,488.0,488.0,288.0,487.0
vertex_scaling,medium,matrix_array,200,3980,0.1,3,0.00439453125,0.004300162501749583,40000.0,40000.0,,,,,487.0
vertex_scaling,medium,adjacency_list_heap,400,15960,0.1,3,0.001953125,0.0021060062499600463,,,15960.0,1213.0,1213.0,813.0,1212.0
vertex_scaling,medium,matrix_array,400,15960,0.1,3,0.015625,0.017305074958130717,160000.0,160000.0,,,,,1212.0
vertex_scaling,medium,adjacency_list_heap,800,63920,0.1,3,0.0234375,0.024789149989373982,,,63920.0,2869.0,2869.0,2069.0,2868.0
vertex_scaling,medium,matrix_array,800,63920,0.1,3,0.078125,0.0730205001309514,640000.0,640000.0,,,,,2868.0
vertex_scaling,medium,adjacency_list_heap,1600,255840,0.1,3,0.09375,0.09761689999140799,,,255840.0,6396.0,6396.0,4796.0,6395.0
vertex_scaling,medium,matrix_array,1600,255840,0.1,3,0.296875,0.29576010000891984,2560000.0,2560000.0,,,,,6395.0
vertex_scaling,medium,adjacency_list_heap,3200,1023680,0.1,3,0.421875,0.432713899994269,,,1023680.0,14015.0,14015.0,10815.0,14014.0
vertex_scaling,medium,matrix_array,3200,1023680,0.1,3,1.15625,1.1773373000323772,10240000.0,10240000.0,,,,,14014.0
vertex_scaling,sparse,adjacency_list_heap,100,99,0.01,3,3.814697265625e-05,3.6143164038549e-05,,,99.0,100.0,100.0,0.0,99.0
vertex_scaling,sparse,matrix_array,100,99,0.01,3,0.0009765625,0.0009532328131172108,10000.0,10000.0,,,,,99.0
vertex_scaling,sparse,adjacency_list_heap,200,398,0.01,3,0.000152587890625,0.0001395880858581222,,,398.0,217.0,217.0,17.0,216.0
vertex_scaling,sparse,matrix_array,200,398,0.01,3,0.00390625,0.004275431259884499,40000.0,40000.0,,,,,216.0
vertex_scaling,sparse,adjacency_list_heap,400,1596,0.01,3,0.00048828125,0.000475015625852393,,,1596.0,551.0,551.0,151.0,550.0
vertex_scaling,sparse,matrix_array,400,1596,0.01,3,0.0234375,0.02312972495565191,160000.0,160000.0,,,,,550.0
vertex_scaling,sparse,adjacency_list_heap,800,6392,0.01,3,0.00146484375,0.0016689374970155768,,,6392.0,1438.0,1438.0,638.0,1437.0
vertex_scaling,sparse,matrix_array,800,6392,0.01,3,0.09375,0.10193479992449284,640000.0,640000.0,,,,,1437.0
vertex_scaling,sparse,adjacency_list_heap,1600,25584,0.01,3,0.005859375,0.005757375009125099,,,25584.0,3711.0,3711.0,2111.0,3710.0
vertex_scaling,sparse,matrix_array,1600,25584,0.01,3,0.328125,0.3248318999540061,2560000.0,2560000.0,,,,,3710.0
vertex_scaling,sparse,adjacency_list_heap,3200,102368,0.01,3,0.0546875,0.05681810004170984,,,102368.0,9355.0,9355.0,6155.0,9354.0
vertex_scaling,sparse,matrix_array,3200,102368,0.01,3,1.109375,1.097915800055489,10240000.0,10240000.0,,,,,9354.0
